sourceSlug,title,category,route,risks,duplicates
"5G0oeY","八爪鱼登录/登陆时提示“超时，请稍后重试”","操作类问题 / 安装登录","/zh/knowledge-base/faq/operation/install-login/5G0oeY","contact",""
"BPM4CC","安装八爪鱼，安装成功后无法启动怎么办？","操作类问题 / 安装登录","/zh/knowledge-base/faq/operation/install-login/BPM4CC","version|external-link",""
"1lkV5l","如何下载8.4.6版本？","操作类问题 / 安装登录","/zh/knowledge-base/faq/operation/install-login/1lkV5l","version|external-link",""
"hZkNmV","八爪鱼有苹果IOS系统/mac版本的安装包吗？","操作类问题 / 安装登录","/zh/knowledge-base/faq/operation/install-login/hZkNmV","version|external-link",""
"e9f6z6","八爪鱼软件怎么下载","操作类问题 / 安装登录","/zh/knowledge-base/faq/operation/install-login/e9f6z6","external-link",""
"xrYRTi","只有客户端吗？","操作类问题 / 安装登录","/zh/knowledge-base/faq/operation/install-login/xrYRTi","version|external-link",""
"ZsBYeG","八爪鱼有手机APP吗?","操作类问题 / 安装登录","/zh/knowledge-base/faq/operation/install-login/ZsBYeG","version",""
"DdSwKt","客户端下载不下来啊？","操作类问题 / 安装登录","/zh/knowledge-base/faq/operation/install-login/DdSwKt","",""
"5Chmj8","windows10系统可以安装八爪鱼吗？","操作类问题 / 安装登录","/zh/knowledge-base/faq/operation/install-login/5Chmj8","version|external-link",""
"tVYjMI","八爪鱼有手机APP吗","操作类问题 / 安装登录","/zh/knowledge-base/faq/operation/install-login/tVYjMI","external-link",""
"BGGMaF","安装八爪鱼采集器常见问题汇总","操作类问题 / 安装登录","/zh/knowledge-base/faq/operation/install-login/BGGMaF","version",""
"pzywZg","安装软件提示要购买","操作类问题 / 安装登录","/zh/knowledge-base/faq/operation/install-login/pzywZg","outdated",""
"ZxdEeE","版本充值后账号未升级？","操作类问题 / 安装登录","/zh/knowledge-base/faq/operation/install-login/ZxdEeE","price|contact|policy|version",""
"WY4VUg","客户端数是什么？","操作类问题 / 安装登录","/zh/knowledge-base/faq/operation/install-login/WY4VUg","price|policy|external-link",""
"F009KX","如何查看错误日志/Log日志？","操作类问题 / 安装登录","/zh/knowledge-base/faq/operation/install-login/F009KX","",""
"sQUedU","登录八爪鱼，提示无网络链接，请检查是否连上互联网？","操作类问题 / 安装登录","/zh/knowledge-base/faq/operation/install-login/sQUedU","contact",""
"wingOz","有32位的操作系统吗？","操作类问题 / 安装登录","/zh/knowledge-base/faq/operation/install-login/wingOz","",""
"Vpju1S","如何切换账号","操作类问题 / 安装登录","/zh/knowledge-base/faq/operation/install-login/Vpju1S","policy",""
"eg0vja","如何下载八爪鱼7版本并安装？","操作类问题 / 安装登录","/zh/knowledge-base/faq/operation/install-login/eg0vja","version|external-link",""
"guan-wang-xia-zai-an-zhuang-ke-hu-duan-hou-da-kai-ke-hu-duan-ti-shi-yao-sheng-ji-dan-shi-mei-you-sheng-ji-an-niu-dao-zhi-yi-zhi-ka-zai-ti-shi-sheng-ji-jie-mian","官网下载安装客户端后，打开客户端提示要升级，但是没有升级按钮导致一直卡在提示升级界面","操作类问题 / 安装登录","/zh/knowledge-base/faq/operation/install-login/guan-wang-xia-zai-an-zhuang-ke-hu-duan-hou-da-kai-ke-hu-duan-ti-shi-yao-sheng-ji-dan-shi-mei-you-sheng-ji-an-niu-dao-zhi-yi-zhi-ka-zai-ti-shi-sheng-ji-jie-mian","",""
"4ImDBo","无法采集数据？","操作类问题 / 自定义采集常见问题","/zh/knowledge-base/faq/operation/custom-collection/4ImDBo","",""
"QJ1XNc","如何使用相对XPATH采集数据/什么情况下会出现相对XPATH？","操作类问题 / 自定义采集常见问题","/zh/knowledge-base/faq/operation/custom-collection/QJ1XNc","external-link",""
"nJ2Gig","经常白屏显示about：black","操作类问题 / 自定义采集常见问题","/zh/knowledge-base/faq/operation/custom-collection/nJ2Gig","",""
"3QI8G3","翻页采集数据不全怎么办？","操作类问题 / 自定义采集常见问题","/zh/knowledge-base/faq/operation/custom-collection/3QI8G3","",""
"VyO4jt","什么是XPATH/如何学习xpath？","操作类问题 / 自定义采集常见问题","/zh/knowledge-base/faq/operation/custom-collection/VyO4jt","external-link",""
"EmI2zO","网页在八爪鱼中打不开怎么办？","操作类问题 / 自定义采集常见问题","/zh/knowledge-base/faq/operation/custom-collection/EmI2zO","version",""
"3kcCr2","如何利用xpath中的position()和last()去掉option标签中的无用元素？","操作类问题 / 自定义采集常见问题","/zh/knowledge-base/faq/operation/custom-collection/3kcCr2","external-link",""
"cz1Vjm","网页一直在加载或加载很久怎么办？","操作类问题 / 自定义采集常见问题","/zh/knowledge-base/faq/operation/custom-collection/cz1Vjm","",""
"diU6lp","单个元素 / 固定元素列表 / 不固定元素列表是什么？","操作类问题 / 自定义采集常见问题","/zh/knowledge-base/faq/operation/custom-collection/diU6lp","external-link",""
"1ScjrC","八爪鱼可以一起采集，然后每个标题分别导出嘛？","操作类问题 / 自定义采集常见问题","/zh/knowledge-base/faq/operation/custom-collection/1ScjrC","","Go81xR"
"yDtLV7","如何既采集列表，又采集详情中的数据？","操作类问题 / 自定义采集常见问题","/zh/knowledge-base/faq/operation/custom-collection/yDtLV7","",""
"byp4Cn","点击元素采集的时候，下面数据预览是空的","操作类问题 / 自定义采集常见问题","/zh/knowledge-base/faq/operation/custom-collection/byp4Cn","",""
"I1QzNn","需要翻页的网页如何采集？","操作类问题 / 自定义采集常见问题","/zh/knowledge-base/faq/operation/custom-collection/I1QzNn","",""
"pu6msS","提示任务版本不一致？","操作类问题 / 自定义采集常见问题","/zh/knowledge-base/faq/operation/custom-collection/pu6msS","version",""
"tkTJSk","如何设置循环翻页的次数？","操作类问题 / 自定义采集常见问题","/zh/knowledge-base/faq/operation/custom-collection/tkTJSk","","TwskpT"
"87M5Ly","八爪鱼可以将采集到的数据发布到网站吗？","操作类问题 / 自定义采集常见问题","/zh/knowledge-base/faq/operation/custom-collection/87M5Ly","external-link",""
"pxSm8V","如何下载最新版本八爪鱼？","操作类问题 / 自定义采集常见问题","/zh/knowledge-base/faq/operation/custom-collection/pxSm8V","version|external-link",""
"hjnA7G","本地加速同时任务数/云采集加速","操作类问题 / 自定义采集常见问题","/zh/knowledge-base/faq/operation/custom-collection/hjnA7G","",""
"deQSAS","代理IP如何使用？","操作类问题 / 自定义采集常见问题","/zh/knowledge-base/faq/operation/custom-collection/deQSAS","external-link",""
"BX0Zh9","可以采集图片吗/如何采集图片？","操作类问题 / 自定义采集常见问题","/zh/knowledge-base/faq/operation/custom-collection/BX0Zh9","external-link",""
"bjUqai","点击循环列表不能返回上一级网页，并显示找不到匹配元素，这是为什么呢？","操作类问题 / 自定义采集常见问题","/zh/knowledge-base/faq/operation/custom-collection/bjUqai","",""
"W16yky","怎么清除cookie","操作类问题 / 自定义采集常见问题","/zh/knowledge-base/faq/operation/custom-collection/W16yky","",""
"rcyyVf","局部滚动","操作类问题 / 自定义采集常见问题","/zh/knowledge-base/faq/operation/custom-collection/rcyyVf","external-link",""
"U3zyHK","如何设置翻页次数？","操作类问题 / 自定义采集常见问题","/zh/knowledge-base/faq/operation/custom-collection/U3zyHK","",""
"Go81xR","八爪鱼可以一起采集，然后每个标题分别导出嘛？","操作类问题 / 自定义采集常见问题","/zh/knowledge-base/faq/operation/custom-collection/Go81xR","","1ScjrC"
"jAmZnK","网站本身有页码限制，可以突破限制？","操作类问题 / 自定义采集常见问题","/zh/knowledge-base/faq/operation/custom-collection/jAmZnK","",""
"PwuboH","怎么切换浏览器?","操作类问题 / 自定义采集常见问题","/zh/knowledge-base/faq/operation/custom-collection/PwuboH","",""
"cKfkbX","您好，自定义的手动输入网址只能采取1万条数据吗？","操作类问题 / 自定义采集常见问题","/zh/knowledge-base/faq/operation/custom-collection/cKfkbX","",""
"g7IA2I","数据预览怎么展开？","操作类问题 / 自定义采集常见问题","/zh/knowledge-base/faq/operation/custom-collection/g7IA2I","",""
"CmLTYG","需要登录账号的网站如何采集？","操作类问题 / 自定义采集常见问题","/zh/knowledge-base/faq/operation/custom-collection/CmLTYG","policy|external-link",""
"WfnYh3","可以设置几个本地定时采集任务数？","操作类问题 / 自定义采集常见问题","/zh/knowledge-base/faq/operation/custom-collection/WfnYh3","price|version",""
"w7Q3zR","点击元素跳转第二页，配置提取数据的时候，就会白屏卡住了，这是咋回事呀","操作类问题 / 自定义采集常见问题","/zh/knowledge-base/faq/operation/custom-collection/w7Q3zR","",""
"nJlalj","采集过程中网站加载失败怎么重新加载","操作类问题 / 自定义采集常见问题","/zh/knowledge-base/faq/operation/custom-collection/nJlalj","external-link",""
"ZLdrd4","为什么设置了cookie登录，启动采集后还是提示需要登录？","操作类问题 / 自定义采集常见问题","/zh/knowledge-base/faq/operation/custom-collection/ZLdrd4","",""
"b0bBHO","你好，我想下载某个网站中的视频如何操作？","操作类问题 / 自定义采集常见问题","/zh/knowledge-base/faq/operation/custom-collection/b0bBHO","external-link",""
"F57Nik","八爪鱼采集器为什么打不开？","操作类问题 / 自定义采集常见问题","/zh/knowledge-base/faq/operation/custom-collection/F57Nik","",""
"lir4HX","支持textarea吗？","操作类问题 / 自定义采集常见问题","/zh/knowledge-base/faq/operation/custom-collection/lir4HX","",""
"OzvrAU","登录时有拖动的验证码/滑块验证的应该怎么办？","操作类问题 / 自定义采集常见问题","/zh/knowledge-base/faq/operation/custom-collection/OzvrAU","policy|external-link",""
"msePBV","设置了批量输入文本，为什么只会爬取第一个文本的数据？","操作类问题 / 自定义采集常见问题","/zh/knowledge-base/faq/operation/custom-collection/msePBV","",""
"7xpcxt","假如使用判断语句 哪个命令是暂停的功能？","操作类问题 / 自定义采集常见问题","/zh/knowledge-base/faq/operation/custom-collection/7xpcxt","",""
"p0Fezk","IP一般建议多久切换一次","操作类问题 / 自定义采集常见问题","/zh/knowledge-base/faq/operation/custom-collection/p0Fezk","",""
"a0rm9k","怎么关闭自动识别","操作类问题 / 自定义采集常见问题","/zh/knowledge-base/faq/operation/custom-collection/a0rm9k","",""
"mViQFu","网站防采集，采集过程中出现验证码怎么办？","操作类问题 / 自定义采集常见问题","/zh/knowledge-base/faq/operation/custom-collection/mViQFu","external-link",""
"eQa4f5","对于要使用Ukey和CA的网站，怎么用八爪鱼登录？","操作类问题 / 自定义采集常见问题","/zh/knowledge-base/faq/operation/custom-collection/eQa4f5","",""
"BZfAJs","广告屏蔽功能说明","操作类问题 / 自定义采集常见问题","/zh/knowledge-base/faq/operation/custom-collection/BZfAJs","",""
"BUVlkR","电脑IP被封了，网页打不开了？","操作类问题 / 自定义采集常见问题","/zh/knowledge-base/faq/operation/custom-collection/BUVlkR","version|external-link",""
"Wk6wGZ","什么是判断条件？有什么作用以及使用要点有哪些？","操作类问题 / 自定义采集常见问题","/zh/knowledge-base/faq/operation/custom-collection/Wk6wGZ","external-link",""
"ZedJim","如何清除缓存？","操作类问题 / 自定义采集常见问题","/zh/knowledge-base/faq/operation/custom-collection/ZedJim","",""
"NZvz84","如何打开多个网址(URL)进行采集？URL循环列表最多可以放多少条？","操作类问题 / 自定义采集常见问题","/zh/knowledge-base/faq/operation/custom-collection/NZvz84","version",""
"MVeN9y","如何采集商品的图片？","操作类问题 / 自定义采集常见问题","/zh/knowledge-base/faq/operation/custom-collection/MVeN9y","",""
"QLFK24","网页有循环下拉框需要筛选的怎么采集？循环下拉框如何使用？","操作类问题 / 自定义采集常见问题","/zh/knowledge-base/faq/operation/custom-collection/QLFK24","",""
"o1qAEs","八爪鱼可以设置采集当前时间吗？(采集时间)","操作类问题 / 自定义采集常见问题","/zh/knowledge-base/faq/operation/custom-collection/o1qAEs","",""
"fatOS1","采集特定数据？如不出现某些文字的时候就不采集","操作类问题 / 自定义采集常见问题","/zh/knowledge-base/faq/operation/custom-collection/fatOS1","",""
"VpVDWS","打开网页或点击元素后，出现异常弹窗怎么办？","操作类问题 / 自定义采集常见问题","/zh/knowledge-base/faq/operation/custom-collection/VpVDWS","",""
"4mBhyR","什么是触发器，如何使用？","操作类问题 / 自定义采集常见问题","/zh/knowledge-base/faq/operation/custom-collection/4mBhyR","price",""
"ebd0Ry","网站需要登录用户名和密码的，能采集么？","操作类问题 / 自定义采集常见问题","/zh/knowledge-base/faq/operation/custom-collection/ebd0Ry","",""
"lqiGdU","如何采集详情页的数据？","操作类问题 / 自定义采集常见问题","/zh/knowledge-base/faq/operation/custom-collection/lqiGdU","",""
"dcyCxy","如何批量获取/采集某网站数据？","操作类问题 / 自定义采集常见问题","/zh/knowledge-base/faq/operation/custom-collection/dcyCxy","",""
"Dvdfv2","有多个网页怎么做规则去采集？","操作类问题 / 自定义采集常见问题","/zh/knowledge-base/faq/operation/custom-collection/Dvdfv2","",""
"74YlOL","如何去除段落？","操作类问题 / 自定义采集常见问题","/zh/knowledge-base/faq/operation/custom-collection/74YlOL","",""
"4WKlhZ","采集的网站有iframe框架怎么办？","操作类问题 / 自定义采集常见问题","/zh/knowledge-base/faq/operation/custom-collection/4WKlhZ","",""
"VbeVB5","生成循环列表时，出现的不是教程中的“点击元素”而是“提取数据”，如何处理？","操作类问题 / 自定义采集常见问题","/zh/knowledge-base/faq/operation/custom-collection/VbeVB5","",""
"LiRTXN","如何格式化数据？","操作类问题 / 自定义采集常见问题","/zh/knowledge-base/faq/operation/custom-collection/LiRTXN","external-link",""
"LDRIch","URL循环如何使用？","操作类问题 / 自定义采集常见问题","/zh/knowledge-base/faq/operation/custom-collection/LDRIch","external-link",""
"ADYUhx","提取到的文本数据，有很多空格如何处理？","操作类问题 / 自定义采集常见问题","/zh/knowledge-base/faq/operation/custom-collection/ADYUhx","external-link",""
"8BOpqQ","云采集为什么比本地采集还慢？","操作类问题 / 自定义采集常见问题","/zh/knowledge-base/faq/operation/custom-collection/8BOpqQ","policy|external-link","80mTJA"
"sRYVlP","如何分配任务节点？","操作类问题 / 自定义采集常见问题","/zh/knowledge-base/faq/operation/custom-collection/sRYVlP","external-link",""
"bBkVFq","一直在第一第二页重复采集怎么办？一二页循环采集，不采集后面的数据？","操作类问题 / 自定义采集常见问题","/zh/knowledge-base/faq/operation/custom-collection/bBkVFq","external-link",""
"Y1rVzc","网页上没有下一页按钮，如何实现翻页采集？特殊翻页如何采集？","操作类问题 / 自定义采集常见问题","/zh/knowledge-base/faq/operation/custom-collection/Y1rVzc","external-link",""
"s4aFmb","正则表达式是什么，有什么用，如何使用正则表达式？数据格式化里的正则表达式怎么用？","操作类问题 / 自定义采集常见问题","/zh/knowledge-base/faq/operation/custom-collection/s4aFmb","contact|external-link",""
"LSjcDz","什么是ajax/何时要设置AJAX/如何设置AJAX？","操作类问题 / 自定义采集常见问题","/zh/knowledge-base/faq/operation/custom-collection/LSjcDz","external-link",""
"kH7ZdQ","如何创建循环？循环翻页/循环提取数据怎么使用？","操作类问题 / 自定义采集常见问题","/zh/knowledge-base/faq/operation/custom-collection/kH7ZdQ","external-link",""
"LtP3ml","怎样创建循环翻页？","操作类问题 / 自定义采集常见问题","/zh/knowledge-base/faq/operation/custom-collection/LtP3ml","external-link",""
"z592YI","文本循环如何使用？如何批量输入关键词进行搜索？","操作类问题 / 自定义采集常见问题","/zh/knowledge-base/faq/operation/custom-collection/z592YI","external-link",""
"JleRkS","如何用XPATH自定义抓取特定网页文字？","操作类问题 / 自定义采集常见问题","/zh/knowledge-base/faq/operation/custom-collection/JleRkS","external-link",""
"AK8NCp","如何采集带“更多信息”、“加载更多”、“查看更多”之类的网站？","操作类问题 / 自定义采集常见问题","/zh/knowledge-base/faq/operation/custom-collection/AK8NCp","external-link",""
"3HBfJN","如何利用xpath中的following-sibling和preceding-sibling定位标签？","操作类问题 / 自定义采集常见问题","/zh/knowledge-base/faq/operation/custom-collection/3HBfJN","external-link",""
"ktxUul","什么是不固定元素列表？","操作类问题 / 自定义采集常见问题","/zh/knowledge-base/faq/operation/custom-collection/ktxUul","external-link",""
"2mcYOX","如何采集列表数据？","操作类问题 / 自定义采集常见问题","/zh/knowledge-base/faq/operation/custom-collection/2mcYOX","external-link",""
"VeTcKn","没有翻页按钮，通过选择日期、地址等方式来进行翻页，该如何处理？","操作类问题 / 自定义采集常见问题","/zh/knowledge-base/faq/operation/custom-collection/VeTcKn","external-link",""
"IMVJqe","如何通过关键词/关键字采集搜索结果？","操作类问题 / 自定义采集常见问题","/zh/knowledge-base/faq/operation/custom-collection/IMVJqe","external-link",""
"1Mj5TU","点击下一页按钮，不出现循环点击下一页怎么办？","操作类问题 / 自定义采集常见问题","/zh/knowledge-base/faq/operation/custom-collection/1Mj5TU","external-link",""
"0Cuep5","为什么每次清理cookie就未响应了？","操作类问题 / 自定义采集常见问题","/zh/knowledge-base/faq/operation/custom-collection/0Cuep5","contact",""
"Bb6b9J","如何自定义字段提取数据？","操作类问题 / 自定义采集常见问题","/zh/knowledge-base/faq/operation/custom-collection/Bb6b9J","external-link",""
"xYh8DJ","在打开详情页时，设置在新标签中打开则无法提取到数据，不设置在新标签中打开则只能提取到一条数据，循环无法跳回。","操作类问题 / 自定义采集常见问题","/zh/knowledge-base/faq/operation/custom-collection/xYh8DJ","external-link",""
"tlQfFR","采集到的数据如何去除重复数据？","操作类问题 / 自定义采集常见问题","/zh/knowledge-base/faq/operation/custom-collection/tlQfFR","external-link",""
"dLdh4d","数据需要一层一层打开页面才能抓到？单击不行，双击才能打开页面？","操作类问题 / 自定义采集常见问题","/zh/knowledge-base/faq/operation/custom-collection/dLdh4d","external-link",""
"hhhvLH","需要搜索或者输入一批关键词，在采集搜索之后的结果怎么操作？","操作类问题 / 自定义采集常见问题","/zh/knowledge-base/faq/operation/custom-collection/hhhvLH","external-link",""
"B2MLnT","json采集如何自定义request header？","操作类问题 / 自定义采集常见问题","/zh/knowledge-base/faq/operation/custom-collection/B2MLnT","",""
"OKDTMI","循环下拉框是否可以嵌套？如何嵌套？","操作类问题 / 自定义采集常见问题","/zh/knowledge-base/faq/operation/custom-collection/OKDTMI","external-link",""
"3LXy2r","增量采集功能说明","操作类问题 / 自定义采集常见问题","/zh/knowledge-base/faq/operation/custom-collection/3LXy2r","external-link",""
"GjaymZ","页面需要滚动，滚动条下拉才加载的数据应该如何采集？","操作类问题 / 自定义采集常见问题","/zh/knowledge-base/faq/operation/custom-collection/GjaymZ","external-link",""
"A3LxIh","打开网页后，页面加载不全/显示不全怎么办？","操作类问题 / 自定义采集常见问题","/zh/knowledge-base/faq/operation/custom-collection/A3LxIh","",""
"nFlGUi","网页源码有图片地址，但是软件识别不出来，没有“采集该图片地址”的选项怎么办？","操作类问题 / 自定义采集常见问题","/zh/knowledge-base/faq/operation/custom-collection/nFlGUi","version|external-link",""
"z4noSr","数据被不断替换，怎么办？","操作类问题 / 自定义采集常见问题","/zh/knowledge-base/faq/operation/custom-collection/z4noSr","",""
"w99uaz","正则工具如何使用","操作类问题 / 自定义采集常见问题","/zh/knowledge-base/faq/operation/custom-collection/w99uaz","external-link",""
"QxsQFO","元素是什么？","操作类问题 / 自定义采集常见问题","/zh/knowledge-base/faq/operation/custom-collection/QxsQFO","version|external-link",""
"fGjj5G","编写规则时，页面跳转到新页面，无法继续编辑怎么办？","操作类问题 / 自定义采集常见问题","/zh/knowledge-base/faq/operation/custom-collection/fGjj5G","",""
"TwskpT","如何设置循环翻页的次数？","操作类问题 / 自定义采集常见问题","/zh/knowledge-base/faq/operation/custom-collection/TwskpT","","tkTJSk"
"lkC6cP","如何切换任务中网址","操作类问题 / 自定义采集常见问题","/zh/knowledge-base/faq/operation/custom-collection/lkC6cP","",""
"VTotut","企业版能不能解决网站的反爬？","操作类问题 / 自定义采集常见问题","/zh/knowledge-base/faq/operation/custom-collection/VTotut","version",""
"IP7Qyj","海外网站怎么采集？","操作类问题 / 自定义采集常见问题","/zh/knowledge-base/faq/operation/custom-collection/IP7Qyj","",""
"K8qK4Q","一直采集最后一页怎么办？","操作类问题 / 自定义采集常见问题","/zh/knowledge-base/faq/operation/custom-collection/K8qK4Q","external-link",""
"joFUIv","什么是翻页死循环？","操作类问题 / 自定义采集常见问题","/zh/knowledge-base/faq/operation/custom-collection/joFUIv","","epj8vl"
"nIYKYi","为什么任务之前采集正常，现在采集不了了？","操作类问题 / 自定义采集常见问题","/zh/knowledge-base/faq/operation/custom-collection/nIYKYi","",""
"wnPmd7","在哪里修改字段的xpath？","操作类问题 / 自定义采集常见问题","/zh/knowledge-base/faq/operation/custom-collection/wnPmd7","external-link",""
"aY17aH","在哪里修改循环翻页的xpath？","操作类问题 / 自定义采集常见问题","/zh/knowledge-base/faq/operation/custom-collection/aY17aH","",""
"rx72JU","在哪里修改循环列表的xpath？","操作类问题 / 自定义采集常见问题","/zh/knowledge-base/faq/operation/custom-collection/rx72JU","",""
"cOYPVd","一个任务可以输入多个关键词采集吗？","操作类问题 / 自定义采集常见问题","/zh/knowledge-base/faq/operation/custom-collection/cOYPVd","",""
"hm4SBh","只想采集当天或者指定时间的数据怎么设置？","操作类问题 / 自定义采集常见问题","/zh/knowledge-base/faq/operation/custom-collection/hm4SBh","",""
"Y7BCSt","采集时前半程没问题，后面就采不到数据或者只能采到极少数的数据？","操作类问题 / 自定义采集常见问题","/zh/knowledge-base/faq/operation/custom-collection/Y7BCSt","external-link",""
"wei-shen-me-zhi-neng-cai-ji-1-tiao-shu-ju-jiu-jie-shu-le","为什么只能采集1条数据就结束了？","操作类问题 / 自定义采集常见问题","/zh/knowledge-base/faq/operation/custom-collection/wei-shen-me-zhi-neng-cai-ji-1-tiao-shu-ju-jiu-jie-shu-le","external-link",""
"wu-biao-ti-wen-zhang","无标题文章","操作类问题 / 自定义采集常见问题","/zh/knowledge-base/faq/operation/custom-collection/wu-biao-ti-wen-zhang","external-link",""
"cai-ji-xin-wen-lei-shu-ju-shi-zheng-wen-zi-duan-zhong-zen-me-pei-zhi-ke-yi-ji-cai-ji-dao-wen-zi-you-neng-cai-ji-dao-liang-xing-wen-zi-zhong-jian-chuan-cha-de-tu-pian-ne","采集新闻类数据时，正文字段中怎么配置可以既采集到文字，又能采集到两行文字中间穿插的图片呢？","操作类问题 / 自定义采集常见问题","/zh/knowledge-base/faq/operation/custom-collection/cai-ji-xin-wen-lei-shu-ju-shi-zheng-wen-zi-duan-zhong-zen-me-pei-zhi-ke-yi-ji-cai-ji-dao-wen-zi-you-neng-cai-ji-dao-liang-xing-wen-zi-zhong-jian-chuan-cha-de-tu-pian-ne","",""
"xu-yao-zhan-kai-quan-wen-de-zen-me-cai-ji","需要展开全文的怎么采集？","操作类问题 / 自定义采集常见问题","/zh/knowledge-base/faq/operation/custom-collection/xu-yao-zhan-kai-quan-wen-de-zen-me-cai-ji","",""
"6tQV18","采集模板可以导出 / 修改 / 加字段吗？","操作类问题 / 简易模板","/zh/knowledge-base/faq/operation/template/6tQV18","contact",""
"8UV8qy","已有模板不符合需求，如何申请新模板？","操作类问题 / 简易模板","/zh/knowledge-base/faq/operation/template/8UV8qy","",""
"22IoTO","官网的简易模板如何使用？","操作类问题 / 简易模板","/zh/knowledge-base/faq/operation/template/22IoTO","",""
"Pve10X","简易采集模式是什么？","操作类问题 / 简易模板","/zh/knowledge-base/faq/operation/template/Pve10X","",""
"2hht4u","软件内置的模板可以修改吗？","操作类问题 / 简易模板","/zh/knowledge-base/faq/operation/template/2hht4u","external-link",""
"Posl3u","模板不满足需求怎么办？","操作类问题 / 简易模板","/zh/knowledge-base/faq/operation/template/Posl3u","external-link",""
"HLkqXo","使用淘宝商品评论模板无法采集？","操作类问题 / 简易模板","/zh/knowledge-base/faq/operation/template/HLkqXo","",""
"0piy6h","有无免费的模板？","操作类问题 / 简易模板","/zh/knowledge-base/faq/operation/template/0piy6h","external-link",""
"lW9Hd0","有境外采集模板吗？","操作类问题 / 简易模板","/zh/knowledge-base/faq/operation/template/lW9Hd0","external-link",""
"NLJWIa","八爪鱼的亚马逊模板可以采集哪个站点的数据？","操作类问题 / 简易模板","/zh/knowledge-base/faq/operation/template/NLJWIa","",""
"jt7SOf","使用简易模板时，提示账号权限不足？","操作类问题 / 简易模板","/zh/knowledge-base/faq/operation/template/jt7SOf","price|policy",""
"VgFfA7","软件内置的简易模板采集出来的数据为什么没有电话？","操作类问题 / 简易模板","/zh/knowledge-base/faq/operation/template/VgFfA7","contact",""
"nfqvbQ","为什么有些简易模板不能用本地采集？","操作类问题 / 简易模板","/zh/knowledge-base/faq/operation/template/nfqvbQ","price|version|external-link",""
"mu-ban-dai-li-ip-shi-yong","模板代理ip使用","操作类问题 / 简易模板","/zh/knowledge-base/faq/operation/template/mu-ban-dai-li-ip-shi-yong","price|version",""
"R1idQd","如何删除任务组？","操作类问题 / 任务列表","/zh/knowledge-base/faq/operation/tasks/R1idQd","",""
"rsOKhC","300个任务上限是一天还是多久？","操作类问题 / 任务列表","/zh/knowledge-base/faq/operation/tasks/rsOKhC","price",""
"HCVWrG","已保存的配置在哪儿看啊？","操作类问题 / 任务列表","/zh/knowledge-base/faq/operation/tasks/HCVWrG","",""
"zaNIlj","怎么清空云数据？","操作类问题 / 任务列表","/zh/knowledge-base/faq/operation/tasks/zaNIlj","",""
"QGZmQB","如何批量删除任务？","操作类问题 / 任务列表","/zh/knowledge-base/faq/operation/tasks/QGZmQB","",""
"Gd2Mit","如何获取任务的task id？","操作类问题 / 任务列表","/zh/knowledge-base/faq/operation/tasks/Gd2Mit","",""
"LzSjMr","如何删除不需要的任务？","操作类问题 / 任务列表","/zh/knowledge-base/faq/operation/tasks/LzSjMr","",""
"msrf80","如何导入任务？","操作类问题 / 任务列表","/zh/knowledge-base/faq/operation/tasks/msrf80","",""
"ShNNAL","如何导出任务？","操作类问题 / 任务列表","/zh/knowledge-base/faq/operation/tasks/ShNNAL","",""
"FiaeZ3","已删除任务能否找回？","操作类问题 / 任务列表","/zh/knowledge-base/faq/operation/tasks/FiaeZ3","",""
"YtR0nh","同时运行任务数是什么？","操作类问题 / 任务列表","/zh/knowledge-base/faq/operation/tasks/YtR0nh","price|policy|version|external-link",""
"dGwQXR","如何复制任务副本？","操作类问题 / 任务列表","/zh/knowledge-base/faq/operation/tasks/dGwQXR","",""
"u7RcIF","保存不了任务","操作类问题 / 任务列表","/zh/knowledge-base/faq/operation/tasks/u7RcIF","",""
" -qing-wen-you-mei-you-huo-qu-dang-qian-zhang-hao-xia-zheng-zai-cai-ji-ren-wu-de-api-jie-kou"," 请问有没有获取当前账号下，正在采集任务的api接口？","操作类问题 / 任务列表","/zh/knowledge-base/faq/operation/tasks/ -qing-wen-you-mei-you-huo-qu-dang-qian-zhang-hao-xia-zheng-zai-cai-ji-ren-wu-de-api-jie-kou","policy|external-link",""
"a9097w","如何调用API接口导出数据？","操作类问题 / 数据导出","/zh/knowledge-base/faq/operation/export/a9097w","external-link",""
"5t6NxN","导出数据是否有上限？超过上限怎么办？","操作类问题 / 数据导出","/zh/knowledge-base/faq/operation/export/5t6NxN","price|version|external-link",""
"BMgEpj","read ECONNRESET","操作类问题 / 数据导出","/zh/knowledge-base/faq/operation/export/BMgEpj","external-link",""
"k4xfiP","ER_NO_DEFAULT_FOR_FIELD:Fied'art_title'doens't have a default value","操作类问题 / 数据导出","/zh/knowledge-base/faq/operation/export/k4xfiP","external-link",""
"JHae3d","采集完可以进行批量处理吗","操作类问题 / 数据导出","/zh/knowledge-base/faq/operation/export/JHae3d","",""
"oKRAbt","可不可以导出txt格式","操作类问题 / 数据导出","/zh/knowledge-base/faq/operation/export/oKRAbt","",""
"50wrTo","请问怎么只导出部分数据？","操作类问题 / 数据导出","/zh/knowledge-base/faq/operation/export/50wrTo","",""
"eHLBW5","API导出数据size最大是1000条，如果一次性采集的数据超过1000条，应该怎么导出","操作类问题 / 数据导出","/zh/knowledge-base/faq/operation/export/eHLBW5","external-link",""
"IuyVO5","怎么导出excel表格?","操作类问题 / 数据导出","/zh/knowledge-base/faq/operation/export/IuyVO5","",""
"Brarkx","导出到数据库不成功怎么办？","操作类问题 / 数据导出","/zh/knowledge-base/faq/operation/export/Brarkx","external-link",""
"m5QkQT","可以导出到某某某数据库吗？","操作类问题 / 数据导出","/zh/knowledge-base/faq/operation/export/m5QkQT","external-link",""
"uGtmBd","mysql无法连接到指定的数据库，详细信息：Reading from the stream has failed.如何解决？","操作类问题 / 数据导出","/zh/knowledge-base/faq/operation/export/uGtmBd","version|external-link",""
"SEwAid","数据导入远程数据库被拒？","操作类问题 / 数据导出","/zh/knowledge-base/faq/operation/export/SEwAid","policy|external-link",""
"Szzu0a","任务保存与数据存储？","操作类问题 / 数据导出","/zh/knowledge-base/faq/operation/export/Szzu0a","policy",""
"BwUMj4","数据量大，如何导出？","操作类问题 / 数据导出","/zh/knowledge-base/faq/operation/export/BwUMj4","external-link",""
"cLN6je","采集到的数据无法导出excel文件？","操作类问题 / 数据导出","/zh/knowledge-base/faq/operation/export/cLN6je","version",""
"XvoDMo","采集的数据导出到文件的数据条数说明","操作类问题 / 数据导出","/zh/knowledge-base/faq/operation/export/XvoDMo","",""
"1HneaF","自动导出任务计划是自动同步的吗？能否在多台电脑查看计划？","操作类问题 / 数据导出","/zh/knowledge-base/faq/operation/export/1HneaF","",""
"jCDNfK","八爪鱼支持导出数据到mysql数据库吗？","操作类问题 / 数据导出","/zh/knowledge-base/faq/operation/export/jCDNfK","contact|external-link",""
"lx7efa","采集好的任务数据存在什么地方？","操作类问题 / 数据导出","/zh/knowledge-base/faq/operation/export/lx7efa","",""
"cbRsqN","数据导出在Mysql中提示成功，但数据库中查不到数据？","操作类问题 / 数据导出","/zh/knowledge-base/faq/operation/export/cbRsqN","external-link",""
"vxJiab","为什么定时导出数据到数据库没有生效？","操作类问题 / 数据导出","/zh/knowledge-base/faq/operation/export/vxJiab","contact|policy",""
"ea00EE","怎么设置定时导出数据到本地文件？","操作类问题 / 数据导出","/zh/knowledge-base/faq/operation/export/ea00EE","",""
"oVOClP","多个任务的数据可以导出到同一个excel文件吗？","操作类问题 / 数据导出","/zh/knowledge-base/faq/operation/export/oVOClP","",""
"5mztps","数据预览的数据可以直接导出吗？","操作类问题 / 数据导出","/zh/knowledge-base/faq/operation/export/5mztps","external-link",""
"eNhuQE","采集完成后导出数据失败怎么办？","操作类问题 / 数据导出","/zh/knowledge-base/faq/operation/export/eNhuQE","contact",""
"KGUnIs","点击导出数据没反应？","操作类问题 / 数据导出","/zh/knowledge-base/faq/operation/export/KGUnIs","contact",""
"f2JCY6","采集到数据之后，如何手动或者自动导入数据库？","操作类问题 / 数据导出","/zh/knowledge-base/faq/operation/export/f2JCY6","price|version|external-link",""
"WUkdG0","导出到远程数据库Mysql，在导出向导中看不到表字段？","操作类问题 / 数据导出","/zh/knowledge-base/faq/operation/export/WUkdG0","policy",""
"RDwdf5","数据导出到数据库出现错误“Fatal error encountered during command execution”？","操作类问题 / 数据导出","/zh/knowledge-base/faq/operation/export/RDwdf5","contact",""
"cai-ji-dao-de-shu-ju-shang-chuan-dao-zi-ji-de-wang-zhan-shang-ma","采集到的数据上传到自己的网站上吗？","操作类问题 / 数据导出","/zh/knowledge-base/faq/operation/export/cai-ji-dao-de-shu-ju-shang-chuan-dao-zi-ji-de-wang-zhan-shang-ma","external-link",""
"bang-wo-zha-xia-yi-xia-wo-hai-sheng-duo-shao-dao-chu-yu-e-ma","帮我查下一下我还剩多少导出余额吗？","操作类问题 / 数据导出","/zh/knowledge-base/faq/operation/export/bang-wo-zha-xia-yi-xia-wo-hai-sheng-duo-shao-dao-chu-yu-e-ma","version",""
"9t7EcF","为什么云采集的数据和本地加速模式采集的数据与本地普通模式采集数据不同？","操作类问题 / 云采集相关","/zh/knowledge-base/faq/operation/cloud/9t7EcF","",""
"N7dVRA","突然断电了，会继续采集吗？","操作类问题 / 云采集相关","/zh/knowledge-base/faq/operation/cloud/N7dVRA","policy|version|external-link",""
"o2dcBD","为什么云采集数据与本地采集数据不同？","操作类问题 / 云采集相关","/zh/knowledge-base/faq/operation/cloud/o2dcBD","external-link","7eEINP"
"P42W6Z","为什么本地采集有数据，云采集无数据？","操作类问题 / 云采集相关","/zh/knowledge-base/faq/operation/cloud/P42W6Z","external-link",""
"80mTJA","云采集为什么比本地采集还慢？","操作类问题 / 云采集相关","/zh/knowledge-base/faq/operation/cloud/80mTJA","external-link","8BOpqQ"
"bxRAY5","云采集去重原则是什么？","操作类问题 / 云采集相关","/zh/knowledge-base/faq/operation/cloud/bxRAY5","",""
"tghdRB","如何管理企业版，提高采集和获取数据的效率?","操作类问题 / 云采集相关","/zh/knowledge-base/faq/operation/cloud/tghdRB","external-link",""
"iag2bR","云采集的时候把八爪鱼退了还能继续采集嘛","操作类问题 / 云采集相关","/zh/knowledge-base/faq/operation/cloud/iag2bR","policy|version",""
"l63lHU","云采集为什么一直在排队？","操作类问题 / 云采集相关","/zh/knowledge-base/faq/operation/cloud/l63lHU","",""
"zai-na-li-zha-kan-cai-ji-ri-zhi","在哪里查看采集日志？","操作类问题 / 云采集相关","/zh/knowledge-base/faq/operation/cloud/zai-na-li-zha-kan-cai-ji-ri-zhi","external-link",""
"ba-zhua-yu-cai-ji-qi-you-gao-jing-gong-neng-ma-bi-ru-ren-wu-cai-ji-bu-dao-shu-ju-ke-yi-fa-you-jian-huo-duan-xin-zhi-lei-de","八爪鱼采集器有告警功能吗？比如任务采集不到数据，可以发邮件或短信之类的","操作类问题 / 云采集相关","/zh/knowledge-base/faq/operation/cloud/ba-zhua-yu-cai-ji-qi-you-gao-jing-gong-neng-ma-bi-ru-ren-wu-cai-ji-bu-dao-shu-ju-ke-yi-fa-you-jian-huo-duan-xin-zhi-lei-de","external-link",""
"wo-zhe-bian-yun-cai-ji-shi-bu-shi-zhi-neng-yun-xing-yi-ge-ren-wu-wo-kan-shuo-ming-shi-zui-da-ke-yi-yun-xing-6-ge","我这边云采集是不是只能运行一个任务？我看说明是最大可以运行6个","操作类问题 / 云采集相关","/zh/knowledge-base/faq/operation/cloud/wo-zhe-bian-yun-cai-ji-shi-bu-shi-zhi-neng-yun-xing-yi-ge-ren-wu-wo-kan-shuo-ming-shi-zui-da-ke-yi-yun-xing-6-ge","",""
"TijX9v","API接口","操作类问题 / API","/zh/knowledge-base/faq/operation/api/TijX9v","external-link",""
"vuTNuK","有售前顾问吗","业务类问题 / 人工服务","/zh/knowledge-base/faq/business/human-service/vuTNuK","contact",""
"mlBuOX","上班了吗","业务类问题 / 人工服务","/zh/knowledge-base/faq/business/human-service/mlBuOX","contact",""
"q6rfxv","客服工作时间是什么","业务类问题 / 人工服务","/zh/knowledge-base/faq/business/human-service/q6rfxv","contact",""
"wNM8Ht","能采集什么数据/能采集XX网站吗/能采集XX行业数据吗？","业务类问题 / 采集相关","/zh/knowledge-base/faq/business/collection/wNM8Ht","contact|policy|external-link",""
"W8edOL","能采集电话号码吗？哪些电话号码可以采集？","业务类问题 / 采集相关","/zh/knowledge-base/faq/business/collection/W8edOL","contact|policy",""
"NrE4lO","请问免费版本一次性可以导出多少条数据","业务类问题 / 采集相关","/zh/knowledge-base/faq/business/collection/NrE4lO","price|version|external-link",""
"hyfN2l","能采集QQ邮箱/用户浏览数据/卖家信息/客户数据吗？","业务类问题 / 采集相关","/zh/knowledge-base/faq/business/collection/hyfN2l","contact|policy",""
"KmMbf5","付费后是否能加速采集","业务类问题 / 采集相关","/zh/knowledge-base/faq/business/collection/KmMbf5","external-link",""
"nQAVJT","能采集网页中的文本/链接/图片/视频/音频/html源码吗？","业务类问题 / 采集相关","/zh/knowledge-base/faq/business/collection/nQAVJT","external-link",""
"OVUm17","可以采集微信公众号/小程序/好友/朋友圈吗？","业务类问题 / 采集相关","/zh/knowledge-base/faq/business/collection/OVUm17","contact|policy",""
"EcAHiZ","能采集可以采集国外网站的数据吗？需要翻墙怎么办？","业务类问题 / 采集相关","/zh/knowledge-base/faq/business/collection/EcAHiZ","contact|policy",""
"VkAsJm","八爪鱼是否可以实时采集？数据源一更新就马上采集？","业务类问题 / 采集相关","/zh/knowledge-base/faq/business/collection/VkAsJm","external-link",""
"U6CPjO","没有在教程和常见问题中找到答案怎么办？","业务类问题 / 采集相关","/zh/knowledge-base/faq/business/collection/U6CPjO","contact",""
"obNx8G","任务停止后，下次采集时可以从停止的地方继续采集吗？","业务类问题 / 采集相关","/zh/knowledge-base/faq/business/collection/obNx8G","",""
"yKQ15g","免费版只能爬取到图片数据吗？","业务类问题 / 采集相关","/zh/knowledge-base/faq/business/collection/yKQ15g","price|external-link","nLSl5W"
"Co4UBq","能不能爬取百度指数？","业务类问题 / 采集相关","/zh/knowledge-base/faq/business/collection/Co4UBq","external-link",""
"1DnQ1U","云采集是否可以避免IP被限制采集的情况？","业务类问题 / 采集相关","/zh/knowledge-base/faq/business/collection/1DnQ1U","external-link",""
"4UpS0g","团队版云采集可以同时运行多少个云采集任务？","业务类问题 / 采集相关","/zh/knowledge-base/faq/business/collection/4UpS0g","price|external-link",""
"vWe3g8","云节点是什么","业务类问题 / 采集相关","/zh/knowledge-base/faq/business/collection/vWe3g8","price|contact|version|external-link",""
"FNYzKF","采集数据时，采集到一半突然断开/终止怎么办？","业务类问题 / 采集相关","/zh/knowledge-base/faq/business/collection/FNYzKF","version",""
"nLSl5W","免费版只能爬取到图片数据吗？","业务类问题 / 采集相关","/zh/knowledge-base/faq/business/collection/nLSl5W","","yKQ15g"
"6QhLOm","任务能不能用加速，需要满足加速条件，什么样的规则可实现云加速？","业务类问题 / 采集相关","/zh/knowledge-base/faq/business/collection/6QhLOm","external-link",""
"0s9YD2","云采集加速设置","业务类问题 / 采集相关","/zh/knowledge-base/faq/business/collection/0s9YD2","external-link",""
"35JpI0","只采集最近的数据，是否能实现","业务类问题 / 采集相关","/zh/knowledge-base/faq/business/collection/35JpI0","",""
"DroJiU","怎么查看云采集日志？","业务类问题 / 采集相关","/zh/knowledge-base/faq/business/collection/DroJiU","",""
"1dXGeO","采集过程中漏数据？","业务类问题 / 采集相关","/zh/knowledge-base/faq/business/collection/1dXGeO","external-link",""
"qh9tWe","动态会更新数据的网页怎么爬","业务类问题 / 采集相关","/zh/knowledge-base/faq/business/collection/qh9tWe","",""
"uFuI0u","采集有问题，如何进行排错？","业务类问题 / 采集相关","/zh/knowledge-base/faq/business/collection/uFuI0u","external-link",""
"O0Y0VT","免费版加速采集","业务类问题 / 采集相关","/zh/knowledge-base/faq/business/collection/O0Y0VT","price|policy|version|external-link",""
"i1F2a7","怎么优化规则？","业务类问题 / 采集相关","/zh/knowledge-base/faq/business/collection/i1F2a7","external-link",""
"PrVk7h","免费版只能采集8个数据吗","业务类问题 / 采集相关","/zh/knowledge-base/faq/business/collection/PrVk7h","",""
"1AM5iN","八爪鱼可以暂停采集吗？","业务类问题 / 采集相关","/zh/knowledge-base/faq/business/collection/1AM5iN","",""
"DQesFI","提取数据出错怎么办？提取不到数据如何处理？","业务类问题 / 采集相关","/zh/knowledge-base/faq/business/collection/DQesFI","external-link",""
"Qx2TQH","怎么提升采集效率？","业务类问题 / 采集相关","/zh/knowledge-base/faq/business/collection/Qx2TQH","price|external-link",""
"rSdqx9","翻页最后一页死循环？一直重复采集最后一页数据怎么办？","业务类问题 / 采集相关","/zh/knowledge-base/faq/business/collection/rSdqx9","external-link",""
"33TEgJ","一些数据采集不到？采集数据有空白的解决方案","业务类问题 / 采集相关","/zh/knowledge-base/faq/business/collection/33TEgJ","external-link",""
"EyWR9K","可以关机采集吗？","业务类问题 / 采集相关","/zh/knowledge-base/faq/business/collection/EyWR9K","",""
"W56p1s","什么是云采集？云采集有什么用？怎么使用云采集？","业务类问题 / 采集相关","/zh/knowledge-base/faq/business/collection/W56p1s","price|policy|external-link",""
"9y5OWY","八爪鱼团队协作功能是什么？","业务类问题 / 采集相关","/zh/knowledge-base/faq/business/collection/9y5OWY","price|policy|external-link",""
"7eEINP","为什么云采集数据与本地采集数据不同？","业务类问题 / 采集相关","/zh/knowledge-base/faq/business/collection/7eEINP","","o2dcBD"
"vo7uIf","本地采集一段时间，采集到一定数据量后程序闪退？","业务类问题 / 采集相关","/zh/knowledge-base/faq/business/collection/vo7uIf","external-link",""
"CYojPI","同一个规则之前可以采到数据，后来采不到数据或者采集的数据不全？","业务类问题 / 采集相关","/zh/knowledge-base/faq/business/collection/CYojPI","contact",""
"KyySER","采集时某些数据字段漏了，但网页中又有这些字段","业务类问题 / 采集相关","/zh/knowledge-base/faq/business/collection/KyySER","external-link",""
"C9E6r3","重复采集第一/二页？翻页死循环？","业务类问题 / 采集相关","/zh/knowledge-base/faq/business/collection/C9E6r3","",""
"F8wnsG","没有采集到数据就提示采集完成了？运行采集后，马上提示采集完成？","业务类问题 / 采集相关","/zh/knowledge-base/faq/business/collection/F8wnsG","",""
"Ngw7Hg","只抓取了少部分数据，任务卡住或提示采集完成？","业务类问题 / 采集相关","/zh/knowledge-base/faq/business/collection/Ngw7Hg","external-link",""
"9L5bfw","八爪鱼可以同时采集多个任务吗？","业务类问题 / 采集相关","/zh/knowledge-base/faq/business/collection/9L5bfw","version",""
"nT3joS","本地采集数据一直不增加？","业务类问题 / 采集相关","/zh/knowledge-base/faq/business/collection/nT3joS","external-link",""
"IyX131","可以采集亚马逊的数据吗？","业务类问题 / 采集相关","/zh/knowledge-base/faq/business/collection/IyX131","",""
"RVQtp2","可以采集微信文章的永久链接吗？","业务类问题 / 采集相关","/zh/knowledge-base/faq/business/collection/RVQtp2","",""
"RyaNkC","网页打开异常，有http状态码时怎么办？","业务类问题 / 采集相关","/zh/knowledge-base/faq/business/collection/RyaNkC","external-link",""
"VyK9D8","采集的过程中出现网页状态码200，采集不到数据应该如何处理？","业务类问题 / 采集相关","/zh/knowledge-base/faq/business/collection/VyK9D8","external-link",""
"03dN35","本地采集有数据，云采集没数据？","业务类问题 / 采集相关","/zh/knowledge-base/faq/business/collection/03dN35","external-link",""
"E6yql8","云采集去重原则","业务类问题 / 采集相关","/zh/knowledge-base/faq/business/collection/E6yql8","",""
"3oV1iJ","如何使用云采集？","业务类问题 / 采集相关","/zh/knowledge-base/faq/business/collection/3oV1iJ","external-link",""
"HVWRJC","云采集漏数据可能原因与排查方法","业务类问题 / 采集相关","/zh/knowledge-base/faq/business/collection/HVWRJC","price|external-link",""
"hE3axN","采集时遇到每一页都重复采集第一条数据？","业务类问题 / 采集相关","/zh/knowledge-base/faq/business/collection/hE3axN","external-link",""
"nlf18A","提取到的数据有重复数据？","业务类问题 / 采集相关","/zh/knowledge-base/faq/business/collection/nlf18A","external-link",""
"HHdatf","本地采集数据比较慢？","业务类问题 / 采集相关","/zh/knowledge-base/faq/business/collection/HHdatf","",""
"eI8gbg","网站总数据有300页，但只显示50页如何处理？","业务类问题 / 采集相关","/zh/knowledge-base/faq/business/collection/eI8gbg","",""
"ehkU73","任务的优先级怎么设置？","业务类问题 / 采集相关","/zh/knowledge-base/faq/business/collection/ehkU73","",""
"tq0pLc","为什么采集到60条信息，还是一直采集状态，但是信息就一直60条？","业务类问题 / 采集相关","/zh/knowledge-base/faq/business/collection/tq0pLc","",""
"1LhT7s","可以采集文件吗？","业务类问题 / 采集相关","/zh/knowledge-base/faq/business/collection/1LhT7s","","bSiVS1"
"oTSADK","可以采集电话号码吗？","业务类问题 / 采集相关","/zh/knowledge-base/faq/business/collection/oTSADK","contact","JGsihi"
"TiSMNu","自动采集网页里面的所有内容","业务类问题 / 采集相关","/zh/knowledge-base/faq/business/collection/TiSMNu","version","x3ygvg"
"28NbXF","为什么云采集数据还有本地加速模式与本地普通模式采集数据不同？","业务类问题 / 采集相关","/zh/knowledge-base/faq/business/collection/28NbXF","",""
"ijV5A8","豆瓣上的图片数据怎么采集？","业务类问题 / 采集相关","/zh/knowledge-base/faq/business/collection/ijV5A8","external-link","iijw5f"
"5O8xzq","八爪鱼有伪原创功能吗？","业务类问题 / 采集相关","/zh/knowledge-base/faq/business/collection/5O8xzq","",""
"2zp8zt","可以采集什么数据","业务类问题 / 采集相关","/zh/knowledge-base/faq/business/collection/2zp8zt","external-link","qCsVgA"
"76GMME","八爪鱼能采什么数据？","业务类问题 / 采集相关","/zh/knowledge-base/faq/business/collection/76GMME","external-link","N9qqmK"
"MEmbuF","采集数据比较慢？","业务类问题 / 采集相关","/zh/knowledge-base/faq/business/collection/MEmbuF","external-link",""
"6zd7a6","八爪鱼可以采集哪些数据？","业务类问题 / 采集相关","/zh/knowledge-base/faq/business/collection/6zd7a6","contact|policy",""
"hxNgfK","你好，海外ip代理有吗？","业务类问题 / 采集相关","/zh/knowledge-base/faq/business/collection/hxNgfK","contact",""
"r8ityw","可以采集闲鱼吗？","业务类问题 / 采集相关","/zh/knowledge-base/faq/business/collection/r8ityw","external-link",""
"5myUu2","八爪鱼可以设置定时采集吗？","业务类问题 / 采集相关","/zh/knowledge-base/faq/business/collection/5myUu2","version|external-link","V8m2BY"
"YxMOr4","网页上面的一些词组把他们提取出来。要怎么弄","业务类问题 / 采集相关","/zh/knowledge-base/faq/business/collection/YxMOr4","external-link",""
"AbDo4s","如何采集网页上的数据？","业务类问题 / 采集相关","/zh/knowledge-base/faq/business/collection/AbDo4s","policy|external-link","Wbr81t"
"YMEDrw","花多少钱都不能采集电话号码吗","业务类问题 / 采集相关","/zh/knowledge-base/faq/business/collection/YMEDrw","contact",""
"xGM5gs","采集网址是付费项目么？","业务类问题 / 采集相关","/zh/knowledge-base/faq/business/collection/xGM5gs","",""
"nrhxOr","八爪鱼如何抓取数据？","业务类问题 / 采集相关","/zh/knowledge-base/faq/business/collection/nrhxOr","external-link",""
"SVReiR","八爪鱼可以采集拼多多吗？","业务类问题 / 采集相关","/zh/knowledge-base/faq/business/collection/SVReiR","",""
"tfQPFN","这个网址无法采集吗？","业务类问题 / 采集相关","/zh/knowledge-base/faq/business/collection/tfQPFN","external-link",""
"bt9AYG","八爪鱼可以批量给微博用户发私信吗？","业务类问题 / 采集相关","/zh/knowledge-base/faq/business/collection/bt9AYG","external-link",""
"8qRsnK","可以抓取小红书内容吗","业务类问题 / 采集相关","/zh/knowledge-base/faq/business/collection/8qRsnK","contact|external-link",""
"A47Q9H","可以采集微信公众号的历史文章吗？","业务类问题 / 采集相关","/zh/knowledge-base/faq/business/collection/A47Q9H","version|external-link",""
"mWSMFm","请问这个软件适合外贸吗？","业务类问题 / 采集相关","/zh/knowledge-base/faq/business/collection/mWSMFm","",""
"EMvnOP","可以采集电商数据吗？","业务类问题 / 采集相关","/zh/knowledge-base/faq/business/collection/EMvnOP","external-link",""
"VbJBz6","可以采集二维码吗？","业务类问题 / 采集相关","/zh/knowledge-base/faq/business/collection/VbJBz6","external-link",""
"uTcaHr","八爪鱼是一款什么样的软件？","业务类问题 / 采集相关","/zh/knowledge-base/faq/business/collection/uTcaHr","external-link",""
"8VhJZP","八爪鱼可以部署到服务器吗？","业务类问题 / 采集相关","/zh/knowledge-base/faq/business/collection/8VhJZP","contact|version|external-link",""
"zHbapo","网页提交的表单数据可以抓取吗？","业务类问题 / 采集相关","/zh/knowledge-base/faq/business/collection/zHbapo","policy",""
"XmyyRv","采集到的商品数据可以上传到淘宝店铺吗？","业务类问题 / 采集相关","/zh/knowledge-base/faq/business/collection/XmyyRv","external-link",""
"B9w6nV","可不可以采集邮箱？如何采集邮箱？","业务类问题 / 采集相关","/zh/knowledge-base/faq/business/collection/B9w6nV","contact",""
"v2vKiS","可以采集房源的数据吗？","业务类问题 / 采集相关","/zh/knowledge-base/faq/business/collection/v2vKiS","price|contact|external-link",""
"2ssOLb","美团采集","业务类问题 / 采集相关","/zh/knowledge-base/faq/business/collection/2ssOLb","contact|policy",""
"IZWvhb","可以采集微信公众号吗，怎么采？","业务类问题 / 采集相关","/zh/knowledge-base/faq/business/collection/IZWvhb","external-link",""
"EEqxfi","可以采集标题吗？","业务类问题 / 采集相关","/zh/knowledge-base/faq/business/collection/EEqxfi","policy|external-link",""
"9tYs1Y","八爪鱼可以采集卖家数据信息吗？","业务类问题 / 采集相关","/zh/knowledge-base/faq/business/collection/9tYs1Y","policy",""
"5v52GI","可以采集什么网站/可以采集某某行业的数据吗？","业务类问题 / 采集相关","/zh/knowledge-base/faq/business/collection/5v52GI","external-link",""
"cNFRPT","可以爬取facebook和twitter数据吗？","业务类问题 / 采集相关","/zh/knowledge-base/faq/business/collection/cNFRPT","contact|policy",""
"PjSWkP","八爪鱼是否支持抓取整站内容？","业务类问题 / 采集相关","/zh/knowledge-base/faq/business/collection/PjSWkP","",""
"FATNzn","怎么通过爬虫下载vip资源或者付费资源？","业务类问题 / 采集相关","/zh/knowledge-base/faq/business/collection/FATNzn","policy",""
"KIXEeN","有没有人工培训？","业务类问题 / 采集相关","/zh/knowledge-base/faq/business/collection/KIXEeN","price|version",""
"5aK990","这个软件可以收集客户信息不？","业务类问题 / 采集相关","/zh/knowledge-base/faq/business/collection/5aK990","contact",""
"HH1YiP","八爪鱼有创建社群的功能吗？","业务类问题 / 采集相关","/zh/knowledge-base/faq/business/collection/HH1YiP","",""
"AOVd6U","这个软件采集的数据可以对接织梦后台么？","业务类问题 / 采集相关","/zh/knowledge-base/faq/business/collection/AOVd6U","price|version|external-link",""
"NsM66L","可以采集Json数据吗，怎样采集json类型的数据？","业务类问题 / 采集相关","/zh/knowledge-base/faq/business/collection/NsM66L","external-link",""
"tObnMr","如何采集58同城？","业务类问题 / 采集相关","/zh/knowledge-base/faq/business/collection/tObnMr","external-link",""
"O1n2JF","鼠标移到上面才显示的信息如何采集？","业务类问题 / 采集相关","/zh/knowledge-base/faq/business/collection/O1n2JF","",""
"ddcOQ6","如何快速采集数据？","业务类问题 / 采集相关","/zh/knowledge-base/faq/business/collection/ddcOQ6","",""
"sR8bsi","八爪鱼是否可以同步/实时采集,实时监控某一个网站？数据源处更新，采集的数据也同步更新？","业务类问题 / 采集相关","/zh/knowledge-base/faq/business/collection/sR8bsi","external-link",""
"nDYrBm","可以采集微信群和微信朋友圈的信息吗？","业务类问题 / 采集相关","/zh/knowledge-base/faq/business/collection/nDYrBm","external-link",""
"0kg5rF","百度知道怎么采集？","业务类问题 / 采集相关","/zh/knowledge-base/faq/business/collection/0kg5rF","external-link",""
"pTlrVi","八爪鱼可以分析数据吗？","业务类问题 / 采集相关","/zh/knowledge-base/faq/business/collection/pTlrVi","external-link",""
"iulSCS","马蜂窝美食栏目下的评论信息如何采集？","业务类问题 / 采集相关","/zh/knowledge-base/faq/business/collection/iulSCS","external-link",""
"NJOObP","微图/数多多还可以用吗？","业务类问题 / 采集相关","/zh/knowledge-base/faq/business/collection/NJOObP","",""
"9VPaM2","如何采集阿里巴巴商家数据/1688商品店铺数据？","业务类问题 / 采集相关","/zh/knowledge-base/faq/business/collection/9VPaM2","external-link",""
"aBdWDg","八爪鱼可以画词云图吗？","业务类问题 / 采集相关","/zh/knowledge-base/faq/business/collection/aBdWDg","",""
"sPuMSN","如何采集网页的html源代码？","业务类问题 / 采集相关","/zh/knowledge-base/faq/business/collection/sPuMSN","",""
"aRE4wt","八爪鱼采集器和八爪鱼RPA的区别是什么？","业务类问题 / 采集相关","/zh/knowledge-base/faq/business/collection/aRE4wt","external-link",""
"bSiVS1","可以采集文件吗？","业务类问题 / 采集相关","/zh/knowledge-base/faq/business/collection/bSiVS1","external-link","1LhT7s"
"teESqy","免费版采集有数量限制吗？","业务类问题 / 采集相关","/zh/knowledge-base/faq/business/collection/teESqy","",""
"socPrB","网页里面的附件如word、pdf、ppt等文件如何下载？","业务类问题 / 采集相关","/zh/knowledge-base/faq/business/collection/socPrB","version|external-link",""
"JGsihi","可以采集电话号码吗？","业务类问题 / 采集相关","/zh/knowledge-base/faq/business/collection/JGsihi","contact","oTSADK"
"Bz8Xaf","可以采集APP上的数据吗？","业务类问题 / 采集相关","/zh/knowledge-base/faq/business/collection/Bz8Xaf","contact",""
"x3ygvg","自动采集网页里面的所有内容","业务类问题 / 采集相关","/zh/knowledge-base/faq/business/collection/x3ygvg","version","TiSMNu"
"8kY705","请问代理IP有啥用？","业务类问题 / 采集相关","/zh/knowledge-base/faq/business/collection/8kY705","external-link",""
"iijw5f","豆瓣上的图片数据怎么采集？","业务类问题 / 采集相关","/zh/knowledge-base/faq/business/collection/iijw5f","","ijV5A8"
"qCsVgA","可以采集什么数据","业务类问题 / 采集相关","/zh/knowledge-base/faq/business/collection/qCsVgA","","2zp8zt"
"N9qqmK","八爪鱼能采什么数据？","业务类问题 / 采集相关","/zh/knowledge-base/faq/business/collection/N9qqmK","","76GMME"
"ylHA6u","采集数据比较慢怎么办？","业务类问题 / 采集相关","/zh/knowledge-base/faq/business/collection/ylHA6u","",""
"6nrU4W","网址在浏览器中可以打开但在八爪鱼打不开","业务类问题 / 采集相关","/zh/knowledge-base/faq/business/collection/6nrU4W","contact",""
"V8m2BY","八爪鱼可以设置定时采集吗？","业务类问题 / 采集相关","/zh/knowledge-base/faq/business/collection/V8m2BY","version|external-link","5myUu2"
"LlO39m","采集数据是否有限制","业务类问题 / 采集相关","/zh/knowledge-base/faq/business/collection/LlO39m","",""
"ByFO42","网站防采集了怎么办？","业务类问题 / 采集相关","/zh/knowledge-base/faq/business/collection/ByFO42","external-link",""
"eXTWUf","八爪鱼可以采集手机APP里面的数据吗？","业务类问题 / 采集相关","/zh/knowledge-base/faq/business/collection/eXTWUf","",""
"Wbr81t","如何采集网页上的数据？","业务类问题 / 采集相关","/zh/knowledge-base/faq/business/collection/Wbr81t","policy","AbDo4s"
"6yOUvL","如何采集表格？","业务类问题 / 采集相关","/zh/knowledge-base/faq/business/collection/6yOUvL","",""
"JQxlxg","可以采集国外网站的数据吗？","业务类问题 / 采集相关","/zh/knowledge-base/faq/business/collection/JQxlxg","contact",""
"Asv913","只能抓取网页数据吗","业务类问题 / 采集相关","/zh/knowledge-base/faq/business/collection/Asv913","contact",""
"5D44WH","八爪鱼的采集原理是什么？","业务类问题 / 采集相关","/zh/knowledge-base/faq/business/collection/5D44WH","",""
"LA31I2","可以采集微信好友吗？","业务类问题 / 采集相关","/zh/knowledge-base/faq/business/collection/LA31I2","external-link",""
"40exwg","八爪鱼可以采集微信小程序里面的数据吗？","业务类问题 / 采集相关","/zh/knowledge-base/faq/business/collection/40exwg","external-link",""
"ng3Hbl","自定义采集模式是什么？","业务类问题 / 采集相关","/zh/knowledge-base/faq/business/collection/ng3Hbl","",""
"iFKLtM","不知道采集的网址\网站，但是想要数据可以吗？","业务类问题 / 采集相关","/zh/knowledge-base/faq/business/collection/iFKLtM","",""
"wZLmnK","可以采集/抓取地图信息吗?比如百度地图、谷歌地图、高德地图？","业务类问题 / 采集相关","/zh/knowledge-base/faq/business/collection/wZLmnK","external-link",""
"kHmppc","八爪鱼可以进行网站建设吗？","业务类问题 / 采集相关","/zh/knowledge-base/faq/business/collection/kHmppc","external-link",""
"n5NHNo","可以采集高德地图的商家数据吗？如何采集？","业务类问题 / 采集相关","/zh/knowledge-base/faq/business/collection/n5NHNo","",""
"uIv69n","百度搜索结果\内容怎么采集？","业务类问题 / 采集相关","/zh/knowledge-base/faq/business/collection/uIv69n","external-link",""
"QDoEul","如何批量采集网页链接地址（URL）,然后通过循环打开这些链接去采集详情页数据（URL循环）？","业务类问题 / 采集相关","/zh/knowledge-base/faq/business/collection/QDoEul","external-link",""
"B1F5id","经纬度坐标信息如何采集？","业务类问题 / 采集相关","/zh/knowledge-base/faq/business/collection/B1F5id","external-link",""
"Bs82d0","如何采集全国家具建材经销商信息？","业务类问题 / 采集相关","/zh/knowledge-base/faq/business/collection/Bs82d0","contact",""
"gitYeS","八爪鱼可以采集新闻吗？如今日头条、环球网、36氪","业务类问题 / 采集相关","/zh/knowledge-base/faq/business/collection/gitYeS","external-link",""
"kv3eFZ","如何采集网站上的小说？","业务类问题 / 采集相关","/zh/knowledge-base/faq/business/collection/kv3eFZ","external-link",""
"kkPI42","可以采集QQ群成员吗？","业务类问题 / 采集相关","/zh/knowledge-base/faq/business/collection/kkPI42","contact",""
"hyrJFI","可以采集简历吗？","业务类问题 / 采集相关","/zh/knowledge-base/faq/business/collection/hyrJFI","external-link",""
"uwr00I","大众点评的数据能不能采集，怎么采集大众点评的数据？","业务类问题 / 采集相关","/zh/knowledge-base/faq/business/collection/uwr00I","contact",""
"fdL3pK","八爪鱼可以采集贷款数据吗？如何采集？","业务类问题 / 采集相关","/zh/knowledge-base/faq/business/collection/fdL3pK","",""
"Xyu4Oz","如何采集电影数据？","业务类问题 / 采集相关","/zh/knowledge-base/faq/business/collection/Xyu4Oz","",""
"kRzWUb","如何使用八爪鱼抓取网址？","业务类问题 / 采集相关","/zh/knowledge-base/faq/business/collection/kRzWUb","external-link",""
"zpRTWD","汽车行业的数据怎么采集？","业务类问题 / 采集相关","/zh/knowledge-base/faq/business/collection/zpRTWD","external-link",""
"3DVafg","加密的数据可以采集吗？","业务类问题 / 采集相关","/zh/knowledge-base/faq/business/collection/3DVafg","",""
"uRYtIf","页面结构不规整的网站可以采集吗？","业务类问题 / 采集相关","/zh/knowledge-base/faq/business/collection/uRYtIf","contact",""
"ek5O7O","淘宝的sku能采集吗？","业务类问题 / 采集相关","/zh/knowledge-base/faq/business/collection/ek5O7O","",""
"RJ0SB5","海外网站可以采集吗？","业务类问题 / 采集相关","/zh/knowledge-base/faq/business/collection/RJ0SB5","",""
"SHagrr","请问云采集无法访问外网怎么解决？","业务类问题 / 采集相关","/zh/knowledge-base/faq/business/collection/SHagrr","contact",""
"SL7X2T","为什么会有大量重复数据？","业务类问题 / 采集相关","/zh/knowledge-base/faq/business/collection/SL7X2T","external-link",""
"L3gdIN","为什么在浏览器里打开正常，在采集器内打开是空白的？","业务类问题 / 采集相关","/zh/knowledge-base/faq/business/collection/L3gdIN","contact",""
"Ce66Ui","本地采集卡死怎么办、","业务类问题 / 采集相关","/zh/knowledge-base/faq/business/collection/Ce66Ui","contact",""
"CptqWP","有验证码的网站可以采集吗？","业务类问题 / 采集相关","/zh/knowledge-base/faq/business/collection/CptqWP","",""
"JQ20oO","为什么只采集1条数据就结束了？","业务类问题 / 采集相关","/zh/knowledge-base/faq/business/collection/JQ20oO","",""
"epj8vl","什么是翻页死循环？","业务类问题 / 采集相关","/zh/knowledge-base/faq/business/collection/epj8vl","external-link","joFUIv"
"0E0aWv","采集过程中卡死怎么办？","业务类问题 / 采集相关","/zh/knowledge-base/faq/business/collection/0E0aWv","contact",""
"eX7eVg","采集淘宝天猫经常出现验证怎么办？","业务类问题 / 采集相关","/zh/knowledge-base/faq/business/collection/eX7eVg","",""
"DF6Uxs","网页无法打开怎么办？","业务类问题 / 采集相关","/zh/knowledge-base/faq/business/collection/DF6Uxs","",""
"m4P8nV","任务配置好了，怎么导出数据？","业务类问题 / 采集相关","/zh/knowledge-base/faq/business/collection/m4P8nV","",""
"40q4cH","怎么设置只采集前几页的数据？","业务类问题 / 采集相关","/zh/knowledge-base/faq/business/collection/40q4cH","",""
"qVIHKY","可以从上次停止的地方开始采集吗？","业务类问题 / 采集相关","/zh/knowledge-base/faq/business/collection/qVIHKY","",""
"WbsARO","付费会员后可以解决淘宝天猫的反爬吗？","业务类问题 / 采集相关","/zh/knowledge-base/faq/business/collection/WbsARO","",""
"vpxJdm","云采集漏数据原因？如何排查？","业务类问题 / 采集相关","/zh/knowledge-base/faq/business/collection/vpxJdm","external-link",""
"wei-bo-ping-lun-pa-qu-shu-ju-hou-wei-shen-me-na-me-duo-chong-fu-de-shu-ju-chu-xian","微博评论爬取数据后，为什么那么多重复的数据出现？","业务类问题 / 采集相关","/zh/knowledge-base/faq/business/collection/wei-bo-ping-lun-pa-qu-shu-ju-hou-wei-shen-me-na-me-duo-chong-fu-de-shu-ju-chu-xian","",""
"wei-bo-bo-zhu-bo-wen-pa-qu-shu-ju-hou-wei-shen-me-na-me-duo-chong-fu-de-shu-ju-chu-xian","微博博主博文爬取数据后，为什么那么多重复的数据出现？","业务类问题 / 采集相关","/zh/knowledge-base/faq/business/collection/wei-bo-bo-zhu-bo-wen-pa-qu-shu-ju-hou-wei-shen-me-na-me-duo-chong-fu-de-shu-ju-chu-xian","",""
"tao-bao-tian-mao-yan-zheng-wu-fa-tong-guo-zen-me-ban","淘宝天猫验证无法通过怎么办？","业务类问题 / 采集相关","/zh/knowledge-base/faq/business/collection/tao-bao-tian-mao-yan-zheng-wu-fa-tong-guo-zen-me-ban","",""
"yong-zan-men-de-gong-ju-hui-bei-feng-IP-ma","用咱们的工具会被封IP吗？","业务类问题 / 采集相关","/zh/knowledge-base/faq/business/collection/yong-zan-men-de-gong-ju-hui-bei-feng-IP-ma","",""
"ke-yi-tong-guo-jie-kou-xiu-gai-deng-lu-cookie-ma","可以通过接口修改登录cookie吗？","业务类问题 / 采集相关","/zh/knowledge-base/faq/business/collection/ke-yi-tong-guo-jie-kou-xiu-gai-deng-lu-cookie-ma","",""
"wo-cai-ji-chu-lai-de-shu-ju-xiang-yao-yi-ge-zi-dong-zeng-jia-de-xu-hao-zi-duan-jiu-shi-cai-ji-guo-cheng-zhong-cai-ji-di-yi-tiao-wei-1-di-er-tiao-wei-2","我采集出来的数据，想要一个自动增加的序号字段，就是采集过程中，采集第一条为1，第二条为2","业务类问题 / 采集相关","/zh/knowledge-base/faq/business/collection/wo-cai-ji-chu-lai-de-shu-ju-xiang-yao-yi-ge-zi-dong-zeng-jia-de-xu-hao-zi-duan-jiu-shi-cai-ji-guo-cheng-zhong-cai-ji-di-yi-tiao-wei-1-di-er-tiao-wei-2","",""
"ba-zhua-yu-RPA-shi-shen-me","八爪鱼RPA是什么","业务类问题 / 采集相关","/zh/knowledge-base/faq/business/collection/ba-zhua-yu-RPA-shi-shen-me","version|external-link",""
"ke-yi-jie-ru-deepseek-ma-zhi-chi-deepseek-ma","可以接入deepseek吗?支持deepseek吗?","业务类问题 / 采集相关","/zh/knowledge-base/faq/business/collection/ke-yi-jie-ru-deepseek-ma-zhi-chi-deepseek-ma","external-link",""
"7S9ong","八爪鱼咨询电话是多少？","业务类问题 / 公司相关","/zh/knowledge-base/faq/business/company/7S9ong","contact",""
"oQAi2O","官网地址","业务类问题 / 公司相关","/zh/knowledge-base/faq/business/company/oQAi2O","",""
"XYom9Y","公司地址","业务类问题 / 公司相关","/zh/knowledge-base/faq/business/company/XYom9Y","",""
"Xp3DWQ","公司的主要业务模式","业务类问题 / 公司相关","/zh/knowledge-base/faq/business/company/Xp3DWQ","",""
"c3Azud","公司主要是做什么的","业务类问题 / 公司相关","/zh/knowledge-base/faq/business/company/c3Azud","",""
"6tsSJv","你们公司的名称是什么","业务类问题 / 公司相关","/zh/knowledge-base/faq/business/company/6tsSJv","",""
"YJkH04","你们能做广告推广吗？","业务类问题 / 公司相关","/zh/knowledge-base/faq/business/company/YJkH04","contact|external-link",""
"tYmRn1","八爪鱼咨询QQ群号多少？","业务类问题 / 公司相关","/zh/knowledge-base/faq/business/company/tYmRn1","contact",""
"90wFl8","公司有哪些产品？","业务类问题 / 公司相关","/zh/knowledge-base/faq/business/company/90wFl8","external-link",""
"VallBr","可以抓取淘宝订单吗？","业务类问题 / 网站相关","/zh/knowledge-base/faq/business/website/VallBr","external-link",""
"nYH8Rf","怎么抓推特的博主博文数据呢？","业务类问题 / 网站相关","/zh/knowledge-base/faq/business/website/nYH8Rf","external-link",""
"EcUieN","淘宝评论可以提取吗？","业务类问题 / 网站相关","/zh/knowledge-base/faq/business/website/EcUieN","",""
"KQeUld","八爪鱼有海外版吗","业务类问题 / 网站相关","/zh/knowledge-base/faq/business/website/KQeUld","contact|external-link",""
"YIfjtg","为什么有的网页点击之后没有选中子元素这一项呢?","业务类问题 / 网站相关","/zh/knowledge-base/faq/business/website/YIfjtg","",""
"K3WqOP","如何采集微博数据？","业务类问题 / 网站相关","/zh/knowledge-base/faq/business/website/K3WqOP","external-link",""
"e5qhRB","假如我想采集淘宝和拼多多同样的商品应该怎么采集？","业务类问题 / 网站相关","/zh/knowledge-base/faq/business/website/e5qhRB","",""
"9M5VQy","你好，我想从百度上爬几十家公司的新闻，八爪鱼哪个产品有这种功能？","业务类问题 / 网站相关","/zh/knowledge-base/faq/business/website/9M5VQy","",""
"OkT5OO","能不能采集知乎文章？","业务类问题 / 网站相关","/zh/knowledge-base/faq/business/website/OkT5OO","external-link",""
"q6KtyO","百度地图的数据能不能采集，地图上的商家数据怎么采集？","业务类问题 / 网站相关","/zh/knowledge-base/faq/business/website/q6KtyO","external-link",""
"yKZcQY","淘宝采集","业务类问题 / 网站相关","/zh/knowledge-base/faq/business/website/yKZcQY","external-link",""
"jZiiTp","金融行业数据采集","业务类问题 / 网站相关","/zh/knowledge-base/faq/business/website/jZiiTp","external-link",""
"R2NAlL","八爪鱼能采集网页上的视频吗？","业务类问题 / 网站相关","/zh/knowledge-base/faq/business/website/R2NAlL","version|external-link",""
"vnN4uE","自定义采集模式如何使用？","业务类问题 / 网站相关","/zh/knowledge-base/faq/business/website/vnN4uE","external-link",""
"zyrVdi","Ebay商品图片如何采集？","业务类问题 / 网站相关","/zh/knowledge-base/faq/business/website/zyrVdi","external-link",""
"DXUxoW","京东商品数据怎么采集？","业务类问题 / 网站相关","/zh/knowledge-base/faq/business/website/DXUxoW","",""
"ZmWLfY","如何采集网页上的链接？","业务类问题 / 网站相关","/zh/knowledge-base/faq/business/website/ZmWLfY","external-link",""
"lUiZYs","京东商品评论怎么采集？","业务类问题 / 网站相关","/zh/knowledge-base/faq/business/website/lUiZYs","",""
"eHwGad","京东评论只想采集差评怎么操作？","业务类问题 / 网站相关","/zh/knowledge-base/faq/business/website/eHwGad","",""
"ylgMjq","可以抓弹幕吗？","业务类问题 / 网站相关","/zh/knowledge-base/faq/business/website/ylgMjq","external-link",""
"gUSyw2","如何采集39健康网的数据？","业务类问题 / 网站相关","/zh/knowledge-base/faq/business/website/gUSyw2","external-link",""
"9pRtYr","装修数据怎么采集？","业务类问题 / 网站相关","/zh/knowledge-base/faq/business/website/9pRtYr","external-link",""
"u7v8S9","招聘网站的信息如何采集？","业务类问题 / 网站相关","/zh/knowledge-base/faq/business/website/u7v8S9","external-link",""
"niA3Z6","如何采集赶集网数据？","业务类问题 / 网站相关","/zh/knowledge-base/faq/business/website/niA3Z6","external-link",""
"XAecXi","可以采集携程网？","业务类问题 / 网站相关","/zh/knowledge-base/faq/business/website/XAecXi","external-link",""
"qJrbvT","如何采集今日头条数据？","业务类问题 / 网站相关","/zh/knowledge-base/faq/business/website/qJrbvT","external-link",""
"axROSV","如何采集列表上的信息，同时又采集列表里面的详情？","业务类问题 / 网站相关","/zh/knowledge-base/faq/business/website/axROSV","",""
"pfPHL4","百度贴吧怎么采集？","业务类问题 / 网站相关","/zh/knowledge-base/faq/business/website/pfPHL4","external-link",""
"1XxjVr","不会配置任务怎么办？","业务类问题 / 网站相关","/zh/knowledge-base/faq/business/website/1XxjVr","external-link",""
"9v9AnV","如何购买云节点","业务类问题 / 购买相关","/zh/knowledge-base/faq/business/purchase/9v9AnV","",""
"GTzFJc","数据定制服务","业务类问题 / 购买相关","/zh/knowledge-base/faq/business/purchase/GTzFJc","price|contact|external-link",""
"Jt7UEV","这款软件怎么收费的？","业务类问题 / 购买相关","/zh/knowledge-base/faq/business/purchase/Jt7UEV","price|contact|version|external-link",""
"CsY0bs","购买有优惠券吗？","业务类问题 / 购买相关","/zh/knowledge-base/faq/business/purchase/CsY0bs","price|contact",""
"jDdBxo","团队版涨价了吗","业务类问题 / 购买相关","/zh/knowledge-base/faq/business/purchase/jDdBxo","price",""
"ALEZT9","八爪鱼软件怎么购买？","业务类问题 / 购买相关","/zh/knowledge-base/faq/business/purchase/ALEZT9","price|policy|version|external-link",""
"0x9dgF","我以前是旗舰+版，对应的新版本套餐我用哪个版本呢?","业务类问题 / 购买相关","/zh/knowledge-base/faq/business/purchase/0x9dgF","price|policy|version",""
"YQwMDR","我以前是旗舰版，对应的新版本套餐我用哪个版本呢?","业务类问题 / 购买相关","/zh/knowledge-base/faq/business/purchase/YQwMDR","price|policy|version",""
"8H5pf1","我现在是旗舰版，新套餐方案对我有什么影响呢，会自动转成新套餐吗？","业务类问题 / 购买相关","/zh/knowledge-base/faq/business/purchase/8H5pf1","price|contact|policy|version",""
"XMp0H0","免费版、个人版、团队版、企业版有什么区别","业务类问题 / 购买相关","/zh/knowledge-base/faq/business/purchase/XMp0H0","price|policy|version|external-link",""
"nJDRVM","私有化部署的价格是多少？","业务类问题 / 购买相关","/zh/knowledge-base/faq/business/purchase/nJDRVM","price|contact|external-link",""
"fxbpjL","可以定制采集的规则吗？","业务类问题 / 购买相关","/zh/knowledge-base/faq/business/purchase/fxbpjL","price|contact|external-link",""
"fuqctj","支持linux部署么","业务类问题 / 购买相关","/zh/knowledge-base/faq/business/purchase/fuqctj","version|external-link",""
"WuNtuf","购买后，如何开发票？","业务类问题 / 购买相关","/zh/knowledge-base/faq/business/purchase/WuNtuf","contact|policy|external-link",""
"eGdovC","团队版的账号，可以其他人同时登录吗","业务类问题 / 购买相关","/zh/knowledge-base/faq/business/purchase/eGdovC","policy",""
"Dr5kPg","发票的开票内容是什么？","业务类问题 / 购买相关","/zh/knowledge-base/faq/business/purchase/Dr5kPg","policy",""
"2VmDAY","商务合作","业务类问题 / 购买相关","/zh/knowledge-base/faq/business/purchase/2VmDAY","contact",""
"2TyWqv","八爪鱼售前咨询电话","业务类问题 / 购买相关","/zh/knowledge-base/faq/business/purchase/2TyWqv","contact",""
"GqK60Z","如何购买叠加包","业务类问题 / 购买相关","/zh/knowledge-base/faq/business/purchase/GqK60Z","price|external-link",""
"0dJ53e","我们账号到期了","业务类问题 / 购买相关","/zh/knowledge-base/faq/business/purchase/0dJ53e","price|contact|policy",""
"l9oeXF","麻烦帮忙催一下，尽早开发票？","业务类问题 / 购买相关","/zh/knowledge-base/faq/business/purchase/l9oeXF","contact|policy",""
"VEsdwT","教育公益版怎样申请？","业务类问题 / 购买相关","/zh/knowledge-base/faq/business/purchase/VEsdwT","price|policy|version|external-link",""
"Q2EQcr","要填哪些发票信息","业务类问题 / 购买相关","/zh/knowledge-base/faq/business/purchase/Q2EQcr","contact|policy",""
"KVVLvR","需要低版本的八爪鱼软件","业务类问题 / 购买相关","/zh/knowledge-base/faq/business/purchase/KVVLvR","version",""
"GaaCkb","什么是本地加速模式？","业务类问题 / 购买相关","/zh/knowledge-base/faq/business/purchase/GaaCkb","external-link",""
"XIiBVq","个人版能做什么","业务类问题 / 购买相关","/zh/knowledge-base/faq/business/purchase/XIiBVq","policy",""
"MIZJfT","我们单位要报销","业务类问题 / 购买相关","/zh/knowledge-base/faq/business/purchase/MIZJfT","contact|policy|external-link",""
"PbBytL","任务数是什么？","业务类问题 / 购买相关","/zh/knowledge-base/faq/business/purchase/PbBytL","policy|version",""
"6EY6kr","境外舆情监控服务如何购买？","业务类问题 / 购买相关","/zh/knowledge-base/faq/business/purchase/6EY6kr","contact|external-link",""
"kzdEt6","购买八爪鱼软件可以提供合同吗？","业务类问题 / 购买相关","/zh/knowledge-base/faq/business/purchase/kzdEt6","contact|policy|version",""
"QWUNRF","八爪鱼的价格","业务类问题 / 购买相关","/zh/knowledge-base/faq/business/purchase/QWUNRF","price|contact|version",""
"fkTH05","个人版可以开票么？","业务类问题 / 购买相关","/zh/knowledge-base/faq/business/purchase/fkTH05","contact|policy|external-link",""
"IfZT8S","IP如何购买?","业务类问题 / 购买相关","/zh/knowledge-base/faq/business/purchase/IfZT8S","price|version",""
"EmQ4Ei","软件咨询","业务类问题 / 购买相关","/zh/knowledge-base/faq/business/purchase/EmQ4Ei","contact|version",""
"qegxeQ","国外的网站可以用云采集吗？","业务类问题 / 购买相关","/zh/knowledge-base/faq/business/purchase/qegxeQ","price|contact",""
"zGoWGO","这个能开纸质的增值税专用发票吗？","业务类问题 / 购买相关","/zh/knowledge-base/faq/business/purchase/zGoWGO","contact|policy",""
"H4ZfFZ","八爪鱼在外地有分公司吗？","业务类问题 / 购买相关","/zh/knowledge-base/faq/business/purchase/H4ZfFZ","contact",""
"DxKjl8","购买后账号马上就可以使用吗？","业务类问题 / 购买相关","/zh/knowledge-base/faq/business/purchase/DxKjl8","price|policy|version|external-link",""
"KD8IvQ","验证码自动识别怎么收费？","业务类问题 / 购买相关","/zh/knowledge-base/faq/business/purchase/KD8IvQ","price|version",""
"vAWrVQ","升级到个人版有什么优惠？","业务类问题 / 购买相关","/zh/knowledge-base/faq/business/purchase/vAWrVQ","price",""
"vYSBtT","个人版比专业版的优势在哪？","业务类问题 / 购买相关","/zh/knowledge-base/faq/business/purchase/vYSBtT","",""
"MZGpSI","免费版是永久的吗？","业务类问题 / 购买相关","/zh/knowledge-base/faq/business/purchase/MZGpSI","price",""
"JEGMSz","个人版比专业版贵了","业务类问题 / 购买相关","/zh/knowledge-base/faq/business/purchase/JEGMSz","",""
"cJydBl","我现在是旗舰+版，新套餐方案对我有什么影响呢，会自动转成新套餐吗？","业务类问题 / 购买相关","/zh/knowledge-base/faq/business/purchase/cJydBl","price|contact|policy|version",""
"ePMi7t","新版本内测","业务类问题 / 购买相关","/zh/knowledge-base/faq/business/purchase/ePMi7t","contact|version",""
"M0Qm7C","八爪鱼线下培训课程可以学到什么？","业务类问题 / 购买相关","/zh/knowledge-base/faq/business/purchase/M0Qm7C","",""
"0BFkOT","八爪鱼可以内网部署吗？","业务类问题 / 购买相关","/zh/knowledge-base/faq/business/purchase/0BFkOT","price|contact|version",""
"kUsWiF","团队版本在哪里购买？","业务类问题 / 购买相关","/zh/knowledge-base/faq/business/purchase/kUsWiF","price|policy|version|external-link",""
"CTEMtY","规则定制怎么收费？","业务类问题 / 购买相关","/zh/knowledge-base/faq/business/purchase/CTEMtY","price|contact|external-link",""
"2FtG4R","是否支持私有化部署？","业务类问题 / 账号相关","/zh/knowledge-base/faq/business/account/2FtG4R","price|contact",""
"PTauGt","八爪鱼有哪些版本？版本有什么区别？","业务类问题 / 账号相关","/zh/knowledge-base/faq/business/account/PTauGt","price|contact|policy|version",""
"cLbawR","购买后如何开发票，发票内容是什么？","业务类问题 / 账号相关","/zh/knowledge-base/faq/business/account/cLbawR","contact|policy|external-link",""
"rOKsKL","购买后可以提供合同吗？","业务类问题 / 账号相关","/zh/knowledge-base/faq/business/account/rOKsKL","contact|policy|version",""
"YADQdK","八爪鱼如何退款？","业务类问题 / 账号相关","/zh/knowledge-base/faq/business/account/YADQdK","contact|policy",""
"h7gYlN","八爪鱼售前咨询电话是多少？","业务类问题 / 账号相关","/zh/knowledge-base/faq/business/account/h7gYlN","contact",""
"vzK8Mr","购买后账号可以马上升级吗？","业务类问题 / 账号相关","/zh/knowledge-base/faq/business/account/vzK8Mr","contact|policy|version|external-link",""
"Xd5hKt","团队版/企业版可以试用吗？试用规则是怎么样的？如何申请试用？","业务类问题 / 账号相关","/zh/knowledge-base/faq/business/account/Xd5hKt","price|contact|policy|external-link",""
"GbyRu9","是否提供规则定制 / 数据定制服务？","业务类问题 / 账号相关","/zh/knowledge-base/faq/business/account/GbyRu9","contact|external-link",""
"lLhLWF","八爪鱼验证码套餐是什么，怎么收费？","业务类问题 / 账号相关","/zh/knowledge-base/faq/business/account/lLhLWF","price|version",""
"TW4vma","团队版的账号，可以其他人同时登录吗?","业务类问题 / 账号相关","/zh/knowledge-base/faq/business/account/TW4vma","policy",""
"q0AUxi","个人版有试用吗？","业务类问题 / 账号相关","/zh/knowledge-base/faq/business/account/q0AUxi","contact|policy",""
"7W5I4j","八爪鱼有教育公益计划吗？","业务类问题 / 账号相关","/zh/knowledge-base/faq/business/account/7W5I4j","price|policy|version",""
"zWilx5","新企业版同时可登录限制是3，如果用户需要多人登录同时使用的，不想导出任务到子账号使用的，怎么处理？","业务类问题 / 账号相关","/zh/knowledge-base/faq/business/account/zWilx5","price|policy",""
"DKkUQw","旧版本转换新版本套餐，是否支持延长期限服务？","业务类问题 / 账号相关","/zh/knowledge-base/faq/business/account/DKkUQw","price|version|outdated","n3anh9"
"XYmo8u","1个账号能多人同时登录吗？","业务类问题 / 账号相关","/zh/knowledge-base/faq/business/account/XYmo8u","policy|external-link",""
"IjrPPH","忘记密码了怎么办？如何重置密码","业务类问题 / 账号相关","/zh/knowledge-base/faq/business/account/IjrPPH","contact","AlX2ij"
"OcYQnB","账号被锁定了怎么办？","业务类问题 / 账号相关","/zh/knowledge-base/faq/business/account/OcYQnB","policy",""
"ed3gZi","个人版可以申请试用团队版吗","业务类问题 / 账号相关","/zh/knowledge-base/faq/business/account/ed3gZi","contact|policy","f15l5Z"
"1vKUb8","注册收不到短信验证码？","业务类问题 / 账号相关","/zh/knowledge-base/faq/business/account/1vKUb8","contact|policy","Arkazg"
"A8EKEH","有没有客服的企业微信？","业务类问题 / 账号相关","/zh/knowledge-base/faq/business/account/A8EKEH","contact","8Dd2G3"
"l0vvz2","账号密码不正确？","业务类问题 / 账号相关","/zh/knowledge-base/faq/business/account/l0vvz2","policy","NJwZLQ"
"oCoqKD","账号忘记密码了，发送验证码的邮箱收不到验证码？","业务类问题 / 账号相关","/zh/knowledge-base/faq/business/account/oCoqKD","contact|policy",""
"DBNsyq","收不到注册账号激活码？","业务类问题 / 账号相关","/zh/knowledge-base/faq/business/account/DBNsyq","contact|policy","jjsENG"
"ewQyj5","公益教育注册总是提交不了？","业务类问题 / 账号相关","/zh/knowledge-base/faq/business/account/ewQyj5","contact",""
"6KH0wp","账号如何注销？","业务类问题 / 账号相关","/zh/knowledge-base/faq/business/account/6KH0wp","policy",""
"VxxNf5","八爪鱼账号在哪里注册？","业务类问题 / 账号相关","/zh/knowledge-base/faq/business/account/VxxNf5","policy","m0gOry"
"Rt7pQf","企业版试用","业务类问题 / 账号相关","/zh/knowledge-base/faq/business/account/Rt7pQf","contact|policy",""
"zXQWvW","新版同时可登录限制是3，如果用户需要多人登录同时使用的，不想导出任务到子账号使用的，怎么处理？","业务类问题 / 账号相关","/zh/knowledge-base/faq/business/account/zXQWvW","price|policy",""
"n3anh9","旧版本转换新版本套餐，是否支持延长期限服务？","业务类问题 / 账号相关","/zh/knowledge-base/faq/business/account/n3anh9","price|version|outdated","DKkUQw"
"AlX2ij","忘记密码了怎么办？如何重置密码","业务类问题 / 账号相关","/zh/knowledge-base/faq/business/account/AlX2ij","contact","IjrPPH"
"f15l5Z","个人版可以申请试用团队版吗","业务类问题 / 账号相关","/zh/knowledge-base/faq/business/account/f15l5Z","contact|policy","ed3gZi"
"Arkazg","注册收不到短信验证码？","业务类问题 / 账号相关","/zh/knowledge-base/faq/business/account/Arkazg","contact|policy","1vKUb8"
"8Dd2G3","有没有客服的企业微信？","业务类问题 / 账号相关","/zh/knowledge-base/faq/business/account/8Dd2G3","contact","A8EKEH"
"NJwZLQ","账号密码不正确？","业务类问题 / 账号相关","/zh/knowledge-base/faq/business/account/NJwZLQ","policy","l0vvz2"
"x4Yvez","你好，账号忘记密码了，发送验证码的邮箱收不到验证码？","业务类问题 / 账号相关","/zh/knowledge-base/faq/business/account/x4Yvez","contact|policy",""
"jjsENG","收不到注册账号激活码？","业务类问题 / 账号相关","/zh/knowledge-base/faq/business/account/jjsENG","contact|policy","DBNsyq"
"m0gOry","八爪鱼账号在哪里注册？","业务类问题 / 账号相关","/zh/knowledge-base/faq/business/account/m0gOry","policy|external-link","VxxNf5"
"ukuMst","团队版试用","业务类问题 / 账号相关","/zh/knowledge-base/faq/business/account/ukuMst","contact|policy",""
"z3uWeh","免费版可以一直使用吗？","业务类问题 / 账号相关","/zh/knowledge-base/faq/business/account/z3uWeh","",""
"2lJek4","免费版能采集哪些数据？","业务类问题 / 账号相关","/zh/knowledge-base/faq/business/account/2lJek4","contact",""
"ULUKk3","个人版可以用云采集吗？","业务类问题 / 账号相关","/zh/knowledge-base/faq/business/account/ULUKk3","",""
"lYI6mi","个人版能采集哪些数据？","业务类问题 / 账号相关","/zh/knowledge-base/faq/business/account/lYI6mi","contact",""
"oqpugi","团队版可以采集哪些数据？","业务类问题 / 账号相关","/zh/knowledge-base/faq/business/account/oqpugi","contact",""
"j2ChsA","企业版能采集哪些数据？","业务类问题 / 账号相关","/zh/knowledge-base/faq/business/account/j2ChsA","",""
"8ZOOcq","企业版可以提供哪些服务？","业务类问题 / 账号相关","/zh/knowledge-base/faq/business/account/8ZOOcq","",""
"1DgGj9","企业版的优势是什么？","业务类问题 / 账号相关","/zh/knowledge-base/faq/business/account/1DgGj9","",""
"3jcqH7","购买后发现不满足需求怎么办？","业务类问题 / 账号相关","/zh/knowledge-base/faq/business/account/3jcqH7","contact|version",""
"B6aAC2","申请试用后，怎么知道试用申请是否通过？","业务类问题 / 账号相关","/zh/knowledge-base/faq/business/account/B6aAC2","contact|policy",""
"0DtBhs","试用期间采集有什么限制吗？","业务类问题 / 账号相关","/zh/knowledge-base/faq/business/account/0DtBhs","policy|version",""
"ciuK5o","如何查看教育公益版认证成功了？","业务类问题 / 账号相关","/zh/knowledge-base/faq/business/account/ciuK5o","policy|version",""
"zen-me-zha-kan-dai-li-ip-de-xiao-hao-ji-lu","怎么查看代理ip的消耗记录?","业务类问题 / 账号相关","/zh/knowledge-base/faq/business/account/zen-me-zha-kan-dai-li-ip-de-xiao-hao-ji-lu","policy",""
"zen-me-zha-kan-yan-zheng-ma-de-xiao-hao-ji-lu","怎么查看验证码的消耗记录?","业务类问题 / 账号相关","/zh/knowledge-base/faq/business/account/zen-me-zha-kan-yan-zheng-ma-de-xiao-hao-ji-lu","policy",""
"zen-me-zha-kan-mu-ban-yu-e-xiao-hao-ji-lu","怎么查看模板余额消耗记录?","业务类问题 / 账号相关","/zh/knowledge-base/faq/business/account/zen-me-zha-kan-mu-ban-yu-e-xiao-hao-ji-lu","policy",""
"i7gSoT","规则出错排查方法","排错方法","/zh/knowledge-base/faq/troubleshooting/i7gSoT","contact|version|external-link",""
"dzinjv","网页空白的排错方法","排错方法","/zh/knowledge-base/faq/troubleshooting/dzinjv","external-link",""
"c1tiHQ","云采集排错教程","排错方法","/zh/knowledge-base/faq/troubleshooting/c1tiHQ","external-link",""
"uGvGU2","怎么手动执行下规则","排错方法","/zh/knowledge-base/faq/troubleshooting/uGvGU2","external-link",""
